{
  "version": 1,
  "author": "Resul Rehimli",
  "editor": "wokwi",
  "parts": [
    { "type": "wokwi-breadboard", "id": "bb1", "top": 16.2, "left": -16.4, "attrs": {} },
    { "type": "wokwi-arduino-uno", "id": "uno", "top": 141.32, "left": -71.33, "attrs": {} },
    { "type": "wokwi-mpu6050", "id": "imu1", "top": 249.43, "left": 276.19, "attrs": {} },
    { "type": "wokwi-led", "id": "led1", "top": 25.2, "left": -5.8, "attrs": { "color": "red" } },
    { "type": "wokwi-led", "id": "led2", "top": 25.2, "left": 23, "attrs": { "color": "red" } },
    { "type": "wokwi-led", "id": "led3", "top": 25.2, "left": 51.8, "attrs": { "color": "red" } },
    { "type": "wokwi-led", "id": "led4", "top": 25.2, "left": 80.6, "attrs": { "color": "red" } },
    { "type": "wokwi-led", "id": "led5", "top": 25.2, "left": 109.4, "attrs": { "color": "red" } },
    { "type": "wokwi-led", "id": "led6", "top": 25.2, "left": 138.2, "attrs": { "color": "red" } },
    { "type": "wokwi-led", "id": "led7", "top": 25.2, "left": 167, "attrs": { "color": "red" } },
    { "type": "wokwi-led", "id": "led8", "top": 25.2, "left": 195.8, "attrs": { "color": "red" } },
    { "type": "wokwi-led", "id": "led9", "top": 25.2, "left": 224.6, "attrs": { "color": "red" } },
    {
      "type": "wokwi-led",
      "id": "led10",
      "top": 25.2,
      "left": 253.4,
      "attrs": { "color": "red" }
    }
  ],
  "connections": [
    [ "imu1:VCC", "uno:5V", "red", [ "v-41.14", "h-46.58" ] ],
    [ "imu1:GND", "uno:GND.2", "black", [ "v-35.14", "h19.01" ] ],
    [ "imu1:SCL", "uno:A5", "green", [ "v-17.14", "h121.27" ] ],
    [ "imu1:SDA", "uno:A4", "green", [ "v-27.81", "h112.87" ] ],
    [ "imu1:INT", "uno:2", "green", [ "v-37.81", "h181.19", "v-216", "h-36" ] ],
    [ "led1:C", "bb1:tn.1", "green", [ "v0" ] ],
    [ "led2:C", "bb1:tn.1", "green", [ "v0" ] ],
    [ "led3:C", "bb1:tn.3", "green", [ "v0" ] ],
    [ "led4:C", "bb1:tn.6", "green", [ "v0" ] ],
    [ "led5:C", "bb1:tn.8", "green", [ "v0" ] ],
    [ "led6:C", "bb1:tn.11", "green", [ "v0" ] ],
    [ "led7:C", "bb1:tn.14", "green", [ "v0" ] ],
    [ "led8:C", "bb1:tn.16", "green", [ "v0" ] ],
    [ "led9:C", "bb1:tn.19", "green", [ "v0" ] ],
    [ "led10:C", "bb1:tn.21", "green", [ "v0" ] ],
    [ "bb1:2t.b", "uno:13", "green", [ "v0" ] ],
    [ "bb1:5t.b", "uno:12", "green", [ "v0" ] ],
    [ "bb1:8t.b", "uno:11", "green", [ "v0" ] ],
    [ "led1:A", "bb1:2t.a", "", [ "$bb" ] ],
    [ "led1:C", "bb1:1t.a", "", [ "$bb" ] ],
    [ "led2:A", "bb1:5t.a", "", [ "$bb" ] ],
    [ "led2:C", "bb1:4t.a", "", [ "$bb" ] ],
    [ "led3:A", "bb1:8t.a", "", [ "$bb" ] ],
    [ "led3:C", "bb1:7t.a", "", [ "$bb" ] ],
    [ "led4:A", "bb1:11t.a", "", [ "$bb" ] ],
    [ "led4:C", "bb1:10t.a", "", [ "$bb" ] ],
    [ "led5:A", "bb1:14t.a", "", [ "$bb" ] ],
    [ "led5:C", "bb1:13t.a", "", [ "$bb" ] ],
    [ "led6:A", "bb1:17t.a", "", [ "$bb" ] ],
    [ "led6:C", "bb1:16t.a", "", [ "$bb" ] ],
    [ "led7:A", "bb1:20t.a", "", [ "$bb" ] ],
    [ "led7:C", "bb1:19t.a", "", [ "$bb" ] ],
    [ "led8:A", "bb1:23t.a", "", [ "$bb" ] ],
    [ "led8:C", "bb1:22t.a", "", [ "$bb" ] ],
    [ "led9:A", "bb1:26t.a", "", [ "$bb" ] ],
    [ "led9:C", "bb1:25t.a", "", [ "$bb" ] ],
    [ "led10:A", "bb1:29t.a", "", [ "$bb" ] ],
    [ "led10:C", "bb1:28t.a", "", [ "$bb" ] ],
    [ "bb1:11t.b", "uno:10", "green", [ "v0" ] ],
    [ "bb1:14t.b", "uno:9", "green", [ "v0" ] ],
    [ "bb1:17t.b", "uno:8", "green", [ "v0" ] ],
    [ "bb1:20t.b", "uno:7", "green", [ "v0" ] ],
    [ "bb1:23t.b", "uno:6", "green", [ "v0" ] ],
    [ "bb1:26t.b", "uno:5", "green", [ "v0" ] ],
    [ "bb1:29t.b", "uno:4", "green", [ "v0" ] ],
    [ "uno:GND.1", "bb1:tn.24", "black", [ "v-142.92", "h255.83" ] ]
  ],
  "dependencies": {}
}