{
  "version": 1,
  "author": "Resul Rehimli",
  "editor": "wokwi",
  "parts": [
    { "type": "wokwi-arduino-uno", "id": "uno", "top": 44.67, "left": -51.33, "attrs": {} },
    {
      "type": "wokwi-photoresistor-sensor",
      "id": "ldr1",
      "top": -54.53,
      "left": 100,
      "rotate": 180,
      "attrs": {}
    }
  ],
  "connections": [
    [ "ldr1:VCC", "uno:5V", "red", [ "h-158.67", "v262.93", "h156" ] ],
    [ "ldr1:GND", "uno:GND.1", "black", [ "h0" ] ],
    [ "ldr1:AO", "uno:A0", "green", [ "h-24.67", "v285.1", "h83.33" ] ],
    [ "ldr1:DO", "uno:3", "green", [ "h-12", "v56.06", "h65.33" ] ]
  ],
  "dependencies": {}
}