{
  "version": 1,
  "author": "Resul Rehimli",
  "editor": "wokwi",
  "parts": [
    { "type": "wokwi-arduino-uno", "id": "uno", "top": 56, "left": 52.66, "attrs": {} },
    {
      "type": "wokwi-hc-sr04",
      "id": "ultrasonic1",
      "top": -36.9,
      "left": -71.3,
      "attrs": { "distance": "2" }
    }
  ],
  "connections": [
    [ "ultrasonic1:VCC", "uno:5V", "red", [ "v198.47", "h212" ] ],
    [ "ultrasonic1:GND", "uno:GND.1", "black", [ "v-4.2", "h138" ] ],
    [ "ultrasonic1:TRIG", "uno:2", "green", [ "v26.47", "h280" ] ],
    [ "ultrasonic1:ECHO", "uno:3", "green", [ "v19.13", "h262" ] ]
  ],
  "dependencies": {}
}