{
  "version": 1,
  "author": "Resul Rehimli",
  "editor": "wokwi",
  "parts": [
    { "type": "wokwi-breadboard-half", "id": "bb1", "top": 150.6, "left": 50.8, "attrs": {} },
    {
      "type": "wokwi-arduino-uno",
      "id": "uno",
      "top": 128.68,
      "left": -200.85,
      "rotate": 90,
      "attrs": {}
    },
    {
      "type": "wokwi-led",
      "id": "led1",
      "top": 159.6,
      "left": 100.2,
      "attrs": { "color": "red", "flip": "1" }
    },
    {
      "type": "wokwi-resistor",
      "id": "r1",
      "top": 235.2,
      "left": 85.85,
      "rotate": 90,
      "attrs": { "value": "1000" }
    },
    {
      "type": "wokwi-led",
      "id": "led2",
      "top": 159.6,
      "left": 129,
      "attrs": { "color": "red", "flip": "1" }
    },
    {
      "type": "wokwi-led",
      "id": "led3",
      "top": 159.6,
      "left": 157.8,
      "attrs": { "color": "red", "flip": "1" }
    },
    {
      "type": "wokwi-led",
      "id": "led4",
      "top": 159.6,
      "left": 186.6,
      "attrs": { "color": "red", "flip": "1" }
    },
    {
      "type": "wokwi-led",
      "id": "led5",
      "top": 159.6,
      "left": 215.4,
      "attrs": { "color": "red", "flip": "1" }
    },
    {
      "type": "wokwi-led",
      "id": "led6",
      "top": 159.6,
      "left": 244.2,
      "attrs": { "color": "red", "flip": "1" }
    },
    {
      "type": "wokwi-resistor",
      "id": "r2",
      "top": 235.2,
      "left": 114.65,
      "rotate": 90,
      "attrs": { "value": "1000" }
    },
    {
      "type": "wokwi-resistor",
      "id": "r3",
      "top": 235.2,
      "left": 143.45,
      "rotate": 90,
      "attrs": { "value": "1000" }
    },
    {
      "type": "wokwi-resistor",
      "id": "r4",
      "top": 235.2,
      "left": 172.25,
      "rotate": 90,
      "attrs": { "value": "1000" }
    },
    {
      "type": "wokwi-resistor",
      "id": "r5",
      "top": 235.2,
      "left": 201.05,
      "rotate": 90,
      "attrs": { "value": "1000" }
    },
    {
      "type": "wokwi-resistor",
      "id": "r6",
      "top": 235.2,
      "left": 229.85,
      "rotate": 90,
      "attrs": { "value": "1000" }
    }
  ],
  "connections": [
    [ "uno:0", "bb1:5b.h", "green", [ "h0" ] ],
    [ "uno:1", "bb1:8b.i", "#8f4814", [ "h0" ] ],
    [ "uno:2", "bb1:11b.i", "red", [ "h0" ] ],
    [ "led1:A", "bb1:5t.a", "", [ "$bb" ] ],
    [ "led1:C", "bb1:6t.a", "", [ "$bb" ] ],
    [ "led2:A", "bb1:8t.a", "", [ "$bb" ] ],
    [ "led2:C", "bb1:9t.a", "", [ "$bb" ] ],
    [ "led3:A", "bb1:11t.a", "", [ "$bb" ] ],
    [ "led3:C", "bb1:12t.a", "", [ "$bb" ] ],
    [ "led4:A", "bb1:14t.a", "", [ "$bb" ] ],
    [ "led4:C", "bb1:15t.a", "", [ "$bb" ] ],
    [ "led5:A", "bb1:17t.a", "", [ "$bb" ] ],
    [ "led5:C", "bb1:18t.a", "", [ "$bb" ] ],
    [ "led6:A", "bb1:20t.a", "", [ "$bb" ] ],
    [ "led6:C", "bb1:21t.a", "", [ "$bb" ] ],
    [ "r1:1", "bb1:5t.b", "", [ "$bb" ] ],
    [ "r1:2", "bb1:5b.f", "", [ "$bb" ] ],
    [ "r2:1", "bb1:8t.b", "", [ "$bb" ] ],
    [ "r2:2", "bb1:8b.f", "", [ "$bb" ] ],
    [ "r3:1", "bb1:11t.b", "", [ "$bb" ] ],
    [ "r3:2", "bb1:11b.f", "", [ "$bb" ] ],
    [ "r4:1", "bb1:14t.b", "", [ "$bb" ] ],
    [ "r4:2", "bb1:14b.f", "", [ "$bb" ] ],
    [ "r5:1", "bb1:17t.b", "", [ "$bb" ] ],
    [ "r5:2", "bb1:17b.f", "", [ "$bb" ] ],
    [ "r6:1", "bb1:20t.b", "", [ "$bb" ] ],
    [ "r6:2", "bb1:20b.f", "", [ "$bb" ] ],
    [ "uno:3", "bb1:14b.i", "gold", [ "h0" ] ],
    [ "uno:4", "bb1:17b.i", "blue", [ "h0" ] ],
    [ "uno:5", "bb1:20b.i", "gray", [ "h0" ] ],
    [ "bb1:21t.b", "bb1:tn.20", "black", [ "v4.21", "h16.25" ] ],
    [ "bb1:18t.b", "bb1:21t.c", "black", [ "v0" ] ],
    [ "bb1:15t.c", "bb1:18t.d", "black", [ "v0" ] ],
    [ "bb1:12t.d", "bb1:15t.e", "black", [ "v0" ] ],
    [ "bb1:9t.c", "bb1:12t.c", "black", [ "v0" ] ],
    [ "bb1:6t.c", "bb1:9t.e", "black", [ "v0" ] ],
    [ "bb1:tn.19", "uno:GND.1", "black", [ "v-30.24", "h-241.16", "v66.46" ] ]
  ],
  "dependencies": {}
}