{
  "version": 1,
  "author": "Uri Shaked",
  "editor": "wokwi",
  "parts": [
    { "type": "wokwi-arduino-uno", "id": "uno", "top": -9.15, "left": 20.76, "attrs": {} },
    { "type": "wokwi-ds1307", "id": "ds1307", "top": 185.98, "left": 289.35, "attrs": {} },
    {
      "type": "wokwi-lcd1602",
      "id": "lcd1",
      "top": 211.85,
      "left": -11.91,
      "attrs": { "pins": "i2c" }
    }
  ],
  "connections": [
    [ "uno:GND.2", "ds1307:GND", "black", [ "v20", "*", "v0" ] ],
    [ "uno:5V", "ds1307:5V", "red", [ "v0" ] ],
    [ "uno:A4", "ds1307:SDA", "green", [ "v16", "h0", "*", "h-34" ] ],
    [ "uno:A5", "ds1307:SCL", "orange", [ "v20", "h-7.41", "v-8.62", "h30" ] ],
    [ "lcd1:VCC", "uno:5V", "red", [ "h1.01", "v-49.72", "h187.66" ] ],
    [ "lcd1:SDA", "uno:A4.2", "green", [ "v-79.79", "h34.54", "v-139.91", "h91.13" ] ],
    [ "lcd1:SCL", "uno:A5.2", "green", [ "h-5.85", "v-191.41", "h146.32" ] ]
  ],
  "dependencies": {}
}