{
  "version": 1,
  "author": "Resul Rehimli",
  "editor": "wokwi",
  "parts": [
    { "type": "wokwi-breadboard-mini", "id": "bb1", "top": 85, "left": 170.4, "attrs": {} },
    { "type": "wokwi-arduino-uno", "id": "uno", "top": 54.07, "left": -106.87, "attrs": {} },
    {
      "type": "wokwi-resistor",
      "id": "r1",
      "top": 148.8,
      "left": 162.65,
      "rotate": 90,
      "attrs": { "value": "1000" }
    },
    {
      "type": "wokwi-led",
      "id": "led1",
      "top": 74.53,
      "left": 177,
      "attrs": { "color": "red", "flip": "1" }
    },
    {
      "type": "wokwi-pushbutton",
      "id": "btn1",
      "top": 124.7,
      "left": 243.5,
      "rotate": 90,
      "attrs": { "color": "black" }
    },
    {
      "type": "wokwi-resistor",
      "id": "r2",
      "top": 186.65,
      "left": 209.8,
      "rotate": 180,
      "attrs": { "value": "1000" }
    }
  ],
  "connections": [
    [ "led1:A", "bb1:2t.c", "", [ "$bb" ] ],
    [ "led1:C", "bb1:3t.c", "", [ "$bb" ] ],
    [ "r1:1", "bb1:2t.d", "", [ "$bb" ] ],
    [ "r1:2", "bb1:2b.h", "", [ "$bb" ] ],
    [ "r2:1", "bb1:10b.i", "", [ "$bb" ] ],
    [ "r2:2", "bb1:4b.i", "", [ "$bb" ] ],
    [ "bb1:4b.j", "uno:GND.3", "green", [ "v52.13", "h-138.53" ] ],
    [ "uno:5V", "bb1:12b.i", "red", [ "v12.16", "h225.54" ] ],
    [ "btn1:2.l", "uno:7", "green", [ "v-64.8", "h-78.33" ] ],
    [ "bb1:2b.i", "uno:6", "black", [ "v21.73", "h-20" ] ],
    [ "bb1:3t.d", "uno:GND.2", "green", [ "v151.6", "h-136.27" ] ],
    [ "btn1:1.l", "bb1:12t.c", "", [ "$bb" ] ],
    [ "btn1:2.l", "bb1:10t.c", "", [ "$bb" ] ],
    [ "btn1:1.r", "bb1:12b.h", "", [ "$bb" ] ],
    [ "btn1:2.r", "bb1:10b.h", "", [ "$bb" ] ]
  ],
  "dependencies": {}
}