{
  "version": 1,
  "author": "Resul Rehimli",
  "editor": "wokwi",
  "parts": [
    { "type": "wokwi-arduino-uno", "id": "uno", "top": 0, "left": 0, "attrs": {} },
    {
      "type": "board-ssd1306",
      "id": "oled1",
      "top": 201.43,
      "left": -55.87,
      "attrs": { "i2cAddress": "0x3c" }
    }
  ],
  "connections": [
    [ "oled1:GND", "uno:GND.1", "black", [ "v-17.8", "h129.06" ] ],
    [ "oled1:VCC", "uno:5V", "red", [ "h88.25", "v244.86", "h80" ] ],
    [ "oled1:SCL", "uno:A5", "green", [ "h70.8", "v22.18", "h183.5" ] ],
    [ "oled1:SDA", "uno:A4", "green", [ "v-2.49", "h176.98" ] ]
  ],
  "dependencies": {}
}