{
  "version": 1,
  "author": "Resul Rehimli",
  "editor": "wokwi",
  "parts": [
    { "type": "wokwi-arduino-uno", "id": "uno", "top": -88, "left": -42, "attrs": {} },
    { "type": "wokwi-servo", "id": "servo1", "top": -182.4, "left": 121.86, "attrs": {} },
    { "type": "wokwi-potentiometer", "id": "pot1", "top": -51.7, "left": 276.33, "attrs": {} }
  ],
  "connections": [
    [ "servo1:GND", "uno:GND.1", "black", [ "h0" ] ],
    [ "servo1:V+", "uno:5V", "green", [ "h0" ] ],
    [ "servo1:PWM", "uno:9", "green", [ "h0" ] ],
    [ "pot1:GND", "uno:GND.2", "black", [ "v93.27", "h-172" ] ],
    [ "pot1:VCC", "uno:5V", "red", [ "v93.93", "h-208" ] ],
    [ "pot1:SIG", "uno:A0", "green", [ "v67.27", "h-143.33" ] ]
  ],
  "dependencies": {}
}