{
  "version": 1,
  "author": "Resul Rehimli",
  "editor": "wokwi",
  "parts": [
    { "type": "wokwi-arduino-uno", "id": "uno", "top": -52, "left": -52, "attrs": {} },
    { "type": "wokwi-mpu6050", "id": "imu1", "top": 187.43, "left": 32.86, "attrs": {} }
  ],
  "connections": [
    [ "imu1:VCC", "uno:5V", "red", [ "v-41.14", "h-46.58" ] ],
    [ "imu1:GND", "uno:GND.2", "black", [ "v-35.14", "h19.01" ] ],
    [ "imu1:SCL", "uno:A5", "green", [ "v-17.14", "h121.27" ] ],
    [ "imu1:SDA", "uno:A4", "green", [ "v-27.81", "h112.87" ] ],
    [ "imu1:INT", "uno:2", "green", [ "v-37.81", "h181.19", "v-216", "h-36" ] ]
  ],
  "dependencies": {}
}