{
  "version": 1,
  "author": "Resul Rehimli",
  "editor": "wokwi",
  "parts": [
    { "type": "wokwi-arduino-uno", "id": "uno", "top": 26, "left": -34, "attrs": {} },
    {
      "type": "wokwi-membrane-keypad",
      "id": "keypad1",
      "top": -357.72,
      "left": -44.67,
      "attrs": {}
    },
    { "type": "wokwi-led", "id": "led1", "top": -96, "left": 329.13, "attrs": { "color": "red" } }
  ],
  "connections": [
    [ "keypad1:R1", "uno:9", "green", [ "v39.12", "h74" ] ],
    [ "keypad1:R2", "uno:8", "green", [ "v31.79", "h67.34" ] ],
    [ "keypad1:R3", "uno:7", "green", [ "v23.12", "h79.84", "v26" ] ],
    [ "keypad1:R4", "uno:6", "green", [ "v17.79", "h80.34" ] ],
    [ "keypad1:C1", "uno:5", "green", [ "v33.79", "h75.5" ] ],
    [ "keypad1:C2", "uno:4", "green", [ "v20.45", "h82.67" ] ],
    [ "keypad1:C3", "uno:3", "green", [ "v29.79", "h76.92" ] ],
    [ "keypad1:C4", "uno:2", "green", [ "v29.79", "h79.17" ] ]
  ],
  "dependencies": {}
}