{
  "version": 1,
  "author": "Resul Rehimli",
  "editor": "wokwi",
  "parts": [
    { "type": "wokwi-arduino-uno", "id": "uno", "top": -7.34, "left": 78.66, "attrs": {} },
    {
      "type": "wokwi-tm1637-7segment",
      "id": "sevseg1",
      "top": -5.24,
      "left": -100.44,
      "attrs": { "color": "red" }
    }
  ],
  "connections": [
    [ "sevseg1:VCC", "uno:5V", "red", [ "h-17.6", "v165.6", "h186" ] ],
    [ "sevseg1:GND", "uno:GND.2", "black", [ "h-9.6", "v171.33", "h192" ] ],
    [ "sevseg1:CLK", "uno:2", "green", [ "h2.4", "v-61.87", "h240" ] ],
    [ "sevseg1:DIO", "uno:3", "orange", [ "h13.07", "v-46.13", "h214.67" ] ]
  ],
  "dependencies": {}
}