{
  "version": 1,
  "author": "Resul Rehimli",
  "editor": "wokwi",
  "parts": [
    { "type": "wokwi-breadboard-mini", "id": "bb1", "top": -68.6, "left": 170.4, "attrs": {} },
    {
      "type": "wokwi-arduino-uno",
      "id": "uno",
      "top": 36.67,
      "left": -107.33,
      "rotate": 90,
      "attrs": {}
    },
    {
      "type": "wokwi-led-bar-graph",
      "id": "bargraph1",
      "top": 91.2,
      "left": 244.8,
      "attrs": { "color": "lime" }
    },
    {
      "type": "wokwi-resistor",
      "id": "r1",
      "top": 90.35,
      "left": 172.8,
      "attrs": { "value": "1000" }
    },
    {
      "type": "wokwi-resistor",
      "id": "r2",
      "top": 99.95,
      "left": 172.8,
      "attrs": { "value": "1000" }
    },
    {
      "type": "wokwi-resistor",
      "id": "r3",
      "top": 109.55,
      "left": 172.8,
      "attrs": { "value": "1000" }
    },
    {
      "type": "wokwi-resistor",
      "id": "r4",
      "top": 119.15,
      "left": 172.8,
      "attrs": { "value": "1000" }
    },
    {
      "type": "wokwi-resistor",
      "id": "r5",
      "top": 128.75,
      "left": 172.8,
      "attrs": { "value": "1000" }
    },
    {
      "type": "wokwi-resistor",
      "id": "r6",
      "top": 138.35,
      "left": 172.8,
      "attrs": { "value": "1000" }
    },
    {
      "type": "wokwi-resistor",
      "id": "r7",
      "top": 147.95,
      "left": 172.8,
      "attrs": { "value": "1000" }
    },
    {
      "type": "wokwi-resistor",
      "id": "r8",
      "top": 157.55,
      "left": 172.8,
      "attrs": { "value": "1000" }
    },
    {
      "type": "wokwi-resistor",
      "id": "r9",
      "top": 167.15,
      "left": 172.8,
      "attrs": { "value": "1000" }
    },
    {
      "type": "wokwi-resistor",
      "id": "r10",
      "top": 176.75,
      "left": 172.8,
      "attrs": { "value": "1000" }
    },
    { "type": "wokwi-potentiometer", "id": "pot1", "top": -103.83, "left": 187.13, "attrs": {} }
  ],
  "connections": [
    [ "uno:11", "r1:1", "green", [ "h12.66", "v-55.6" ] ],
    [ "uno:10", "r2:1", "green", [ "h16.66", "v-53.77" ] ],
    [ "uno:9", "r3:1", "green", [ "h21.33", "v-51.27" ] ],
    [ "uno:8", "r4:1", "green", [ "h26", "v-51.94" ] ],
    [ "uno:7", "r5:1", "green", [ "h30", "v-57.94" ] ],
    [ "uno:6", "r6:1", "green", [ "h34", "v-58.1" ] ],
    [ "uno:5", "r7:1", "green", [ "h36", "v-55.6" ] ],
    [ "uno:4", "r8:1", "green", [ "h40", "v-58.44" ] ],
    [ "uno:3", "r9:1", "green", [ "h43.33", "v-59.94" ] ],
    [ "uno:2", "r10:1", "green", [ "h0" ] ],
    [ "r1:2", "bargraph1:A1", "green", [ "v0" ] ],
    [ "r2:2", "bargraph1:A2", "green", [ "v0" ] ],
    [ "r3:2", "bargraph1:A3", "green", [ "v0" ] ],
    [ "r4:2", "bargraph1:A4", "green", [ "v0" ] ],
    [ "r5:2", "bargraph1:A5", "green", [ "v0" ] ],
    [ "r6:2", "bargraph1:A6", "green", [ "v0" ] ],
    [ "r7:2", "bargraph1:A7", "green", [ "v0" ] ],
    [ "r8:2", "bargraph1:A8", "green", [ "v0" ] ],
    [ "r9:2", "bargraph1:A9", "green", [ "v0" ] ],
    [ "r10:2", "bargraph1:A10", "green", [ "v0" ] ],
    [ "bargraph1:C1", "bb1:11b.j", "green", [ "v0" ] ],
    [ "bargraph1:C2", "bb1:11b.h", "green", [ "h0" ] ],
    [ "bargraph1:C3", "bb1:11b.g", "green", [ "h0" ] ],
    [ "bargraph1:C4", "bb1:13b.f", "green", [ "h14.49", "v-114.07" ] ],
    [ "bb1:11b.f", "bb1:13b.f", "green", [ "v-0.2", "h14.27" ] ],
    [ "bargraph1:C5", "bb1:13b.g", "green", [ "h0" ] ],
    [ "bargraph1:C6", "bb1:13b.h", "green", [ "h0" ] ],
    [ "bargraph1:C7", "bb1:13b.i", "green", [ "h0" ] ],
    [ "bargraph1:C8", "bb1:13b.j", "green", [ "h0" ] ],
    [ "bargraph1:C9", "bb1:11b.g", "green", [ "h0" ] ],
    [ "bargraph1:C10", "bb1:11b.i", "green", [ "h0" ] ],
    [ "uno:GND.1", "bb1:11b.g", "black", [ "h-14", "v-133.1" ] ],
    [ "pot1:GND", "bb1:11b.h", "black", [ "v0" ] ],
    [ "pot1:SIG", "uno:A0", "green", [ "v332.06", "h-270.8", "v-85.33" ] ],
    [ "pot1:VCC", "uno:5V", "red", [ "v115.4", "h-278.8", "v78" ] ]
  ],
  "dependencies": {}
}