{
  "version": 1,
  "author": "Resul Rehimli",
  "editor": "wokwi",
  "parts": [
    { "type": "wokwi-breadboard-mini", "id": "bb1", "top": -68.6, "left": 132, "attrs": {} },
    { "type": "wokwi-arduino-uno", "id": "uno", "top": 93.33, "left": -14.67, "attrs": {} },
    {
      "type": "wokwi-hc-sr04",
      "id": "ultrasonic1",
      "top": -36.9,
      "left": -71.3,
      "attrs": { "distance": "2" }
    },
    {
      "type": "wokwi-buzzer",
      "id": "bz1",
      "top": 61.6,
      "left": -102.47,
      "attrs": { "volume": "0.1" }
    },
    { "type": "wokwi-led", "id": "led1", "top": -90, "left": 263, "attrs": { "color": "red" } },
    { "type": "wokwi-led", "id": "led2", "top": -90, "left": 234.2, "attrs": { "color": "red" } },
    {
      "type": "wokwi-led",
      "id": "led3",
      "top": -90,
      "left": 205.4,
      "attrs": { "color": "yellow" }
    },
    {
      "type": "wokwi-led",
      "id": "led4",
      "top": -90,
      "left": 176.6,
      "attrs": { "color": "yellow" }
    },
    {
      "type": "wokwi-led",
      "id": "led5",
      "top": -90,
      "left": 157.4,
      "attrs": { "color": "green" }
    },
    {
      "type": "wokwi-led",
      "id": "led6",
      "top": -90,
      "left": 128.6,
      "attrs": { "color": "limegreen" }
    },
    {
      "type": "wokwi-resistor",
      "id": "r1",
      "top": -14.4,
      "left": 258.65,
      "rotate": 90,
      "attrs": { "value": "1000" }
    },
    {
      "type": "wokwi-resistor",
      "id": "r2",
      "top": -14.4,
      "left": 229.85,
      "rotate": 90,
      "attrs": { "value": "1000" }
    },
    {
      "type": "wokwi-resistor",
      "id": "r3",
      "top": -14.4,
      "left": 201.05,
      "rotate": 90,
      "attrs": { "value": "1000" }
    },
    {
      "type": "wokwi-resistor",
      "id": "r4",
      "top": -14.4,
      "left": 172.25,
      "rotate": 90,
      "attrs": { "value": "1000" }
    },
    {
      "type": "wokwi-resistor",
      "id": "r5",
      "top": -14.4,
      "left": 153.05,
      "rotate": 90,
      "attrs": { "value": "1000" }
    },
    {
      "type": "wokwi-resistor",
      "id": "r6",
      "top": -14.4,
      "left": 124.25,
      "rotate": 90,
      "attrs": { "value": "1000" }
    }
  ],
  "connections": [
    [ "ultrasonic1:VCC", "uno:5V", "red", [ "v198.47", "h212" ] ],
    [ "ultrasonic1:GND", "uno:GND.1", "black", [ "v-4.2", "h138" ] ],
    [ "bz1:2", "uno:3", "green", [ "v-24.87", "h278.14" ] ],
    [ "bz1:1", "uno:GND.1", "black", [ "v-72.2", "h170.14" ] ],
    [ "bb1:1t.c", "bb1:4t.c", "green", [ "v0" ] ],
    [ "bb1:6t.c", "bb1:4t.c", "green", [ "v0" ] ],
    [ "led1:A", "bb1:16t.b", "", [ "$bb" ] ],
    [ "led1:C", "bb1:15t.b", "", [ "$bb" ] ],
    [ "led2:A", "bb1:13t.b", "", [ "$bb" ] ],
    [ "led2:C", "bb1:12t.b", "", [ "$bb" ] ],
    [ "led3:A", "bb1:10t.b", "", [ "$bb" ] ],
    [ "led3:C", "bb1:9t.b", "", [ "$bb" ] ],
    [ "led4:A", "bb1:7t.b", "", [ "$bb" ] ],
    [ "led4:C", "bb1:6t.b", "", [ "$bb" ] ],
    [ "led6:A", "bb1:2t.b", "", [ "$bb" ] ],
    [ "led6:C", "bb1:1t.b", "", [ "$bb" ] ],
    [ "r1:1", "bb1:16t.c", "", [ "$bb" ] ],
    [ "r1:2", "bb1:16b.g", "", [ "$bb" ] ],
    [ "r2:1", "bb1:13t.c", "", [ "$bb" ] ],
    [ "r2:2", "bb1:13b.g", "", [ "$bb" ] ],
    [ "r3:1", "bb1:10t.c", "", [ "$bb" ] ],
    [ "r3:2", "bb1:10b.g", "", [ "$bb" ] ],
    [ "r4:1", "bb1:7t.c", "", [ "$bb" ] ],
    [ "r4:2", "bb1:7b.g", "", [ "$bb" ] ],
    [ "r5:1", "bb1:5t.c", "", [ "$bb" ] ],
    [ "r5:2", "bb1:5b.g", "", [ "$bb" ] ],
    [ "r6:1", "bb1:2t.c", "", [ "$bb" ] ],
    [ "r6:2", "bb1:2b.g", "", [ "$bb" ] ],
    [ "led5:A", "bb1:5t.b", "", [ "$bb" ] ],
    [ "led5:C", "bb1:4t.b", "", [ "$bb" ] ],
    [ "bb1:6t.d", "bb1:9t.d", "green", [ "v0" ] ],
    [ "bb1:9t.d", "bb1:12t.d", "green", [ "v0" ] ],
    [ "bb1:12t.d", "bb1:15t.d", "green", [ "v0" ] ],
    [ "bb1:2b.h", "uno:13", "green", [ "v61.93", "h-40.27" ] ],
    [ "bb1:4t.d", "bb1:1t.d", "green", [ "v0" ] ],
    [ "bb1:5b.h", "uno:12", "green", [ "v65.93", "h-61.07" ] ],
    [ "r4:2", "uno:11", "green", [ "h1.73", "v61", "h-75.33" ] ],
    [ "bb1:10b.h", "uno:10", "green", [ "v41.93", "h-91.73" ] ],
    [ "bb1:13b.h", "uno:9", "green", [ "v56.6", "h-112.53" ] ],
    [ "bb1:16b.h", "uno:8", "green", [ "v51.27", "h-76" ] ],
    [ "bb1:1t.e", "uno:GND.1", "green", [ "v83.93", "h-40.67" ] ],
    [ "ultrasonic1:TRIG", "uno:7", "green", [ "v31.8", "h162" ] ],
    [ "ultrasonic1:ECHO", "uno:6", "green", [ "v54.47", "h166.67" ] ]
  ],
  "dependencies": {}
}