{
  "version": 1,
  "author": "Resul Rehimli",
  "editor": "wokwi",
  "parts": [
    { "type": "wokwi-arduino-uno", "id": "uno", "top": -14, "left": -52.67, "attrs": {} },
    {
      "type": "wokwi-ky-040",
      "id": "encoder2",
      "top": -127.37,
      "left": 21.07,
      "rotate": 90,
      "attrs": {}
    }
  ],
  "connections": [
    [ "encoder2:CLK", "uno:2", "green", [ "h0" ] ],
    [ "encoder2:GND", "uno:GND.1", "black", [ "h0" ] ],
    [ "encoder2:DT", "uno:3", "green", [ "v5.44", "h63" ] ],
    [ "encoder2:SW", "uno:4", "green", [ "v9.44", "h72.6" ] ],
    [ "encoder2:VCC", "uno:5V", "red", [ "v-10.56", "h146.56", "v235.33", "h-120.67" ] ]
  ],
  "dependencies": {}
}