{
  "version": 1,
  "author": "Resul Rehimli",
  "editor": "wokwi",
  "parts": [
    {
      "type": "wokwi-arduino-uno",
      "id": "uno",
      "top": 178.67,
      "left": 135.34,
      "rotate": 90,
      "attrs": {}
    },
    { "type": "wokwi-ir-receiver", "id": "ir1", "top": 253.72, "left": 20.47, "attrs": {} },
    { "type": "wokwi-ir-remote", "id": "remote1", "top": 103.27, "left": 416.67, "attrs": {} },
    {
      "type": "wokwi-resistor",
      "id": "r1",
      "top": 85.15,
      "left": 136.8,
      "rotate": 90,
      "attrs": { "value": "1000" }
    },
    {
      "type": "wokwi-led",
      "id": "led1",
      "top": 11.87,
      "left": 139.93,
      "attrs": { "color": "red" }
    },
    {
      "type": "wokwi-led",
      "id": "led2",
      "top": 10.14,
      "left": 175.53,
      "attrs": { "color": "green" }
    },
    {
      "type": "wokwi-resistor",
      "id": "r2",
      "top": 78.75,
      "left": 175.73,
      "rotate": 90,
      "attrs": { "value": "1000" }
    }
  ],
  "connections": [
    [ "ir1:GND", "uno:GND.2", "black", [ "v23.93", "h215.21" ] ],
    [ "ir1:VCC", "uno:5V", "red", [ "v12.6", "h233.61" ] ],
    [ "ir1:DAT", "uno:8", "green", [ "v2.6", "h72.01", "v-125.33", "h179.33" ] ],
    [ "led1:A", "r1:1", "green", [ "v0" ] ],
    [ "led2:A", "r2:1", "green", [ "v0" ] ],
    [ "r1:2", "uno:13", "green", [ "h0" ] ],
    [ "r2:2", "uno:12", "green", [ "h0" ] ],
    [ "led1:C", "uno:GND.1", "green", [ "v0" ] ],
    [ "led2:C", "uno:GND.1", "green", [ "v22.59", "h-35.86" ] ]
  ],
  "dependencies": {}
}