{
  "version": 1,
  "author": "Resul Rehimli",
  "editor": "wokwi",
  "parts": [
    { "type": "wokwi-arduino-uno", "id": "uno", "top": 0, "left": 0, "attrs": {} },
    { "type": "board-ds18b20", "id": "temp1", "top": -78.19, "left": 117.94, "attrs": {} }
  ],
  "connections": [
    [ "temp1:VCC", "uno:5V", "red", [ "v9.12", "h-39.99", "v226.67", "h58.67" ] ],
    [ "temp1:GND", "uno:GND.1", "black", [ "v25.12", "h-4.79" ] ],
    [ "temp1:DQ", "uno:A0", "green", [ "v21.12", "h64.94" ] ]
  ],
  "dependencies": {}
}