{
  "version": 1,
  "author": "Resul Rehimli",
  "editor": "wokwi",
  "parts": [
    { "type": "wokwi-breadboard-mini", "id": "bb1", "top": -39.8, "left": 151.2, "attrs": {} },
    { "type": "wokwi-arduino-uno", "id": "uno", "top": 67.8, "left": -87, "attrs": {} },
    {
      "type": "wokwi-analog-joystick",
      "id": "joystick1",
      "top": -78.33,
      "left": 4.6,
      "attrs": {}
    },
    {
      "type": "wokwi-led",
      "id": "led1",
      "top": -61.2,
      "left": 195.8,
      "attrs": { "color": "red" }
    },
    { "type": "wokwi-led", "id": "led2", "top": 25.2, "left": 176.6, "attrs": { "color": "red" } },
    {
      "type": "wokwi-led",
      "id": "led3",
      "top": -61.2,
      "left": 243.8,
      "attrs": { "color": "red" }
    },
    { "type": "wokwi-led", "id": "led4", "top": 25.2, "left": 234.2, "attrs": { "color": "red" } },
    {
      "type": "wokwi-resistor",
      "id": "r1",
      "top": 14.4,
      "left": 191.45,
      "rotate": 90,
      "attrs": { "value": "1000" }
    },
    {
      "type": "wokwi-resistor",
      "id": "r2",
      "top": 14.4,
      "left": 239.45,
      "rotate": 90,
      "attrs": { "value": "1000" }
    },
    {
      "type": "wokwi-resistor",
      "id": "r3",
      "top": 100.8,
      "left": 229.85,
      "rotate": 90,
      "attrs": { "value": "1000" }
    },
    {
      "type": "wokwi-resistor",
      "id": "r4",
      "top": 100.8,
      "left": 172.25,
      "rotate": 90,
      "attrs": { "value": "1000" }
    }
  ],
  "connections": [
    [ "joystick1:VCC", "uno:5V", "red", [ "v245.26", "h53.07" ] ],
    [ "joystick1:SEL", "uno:2", "green", [ "v29.26", "h122.93" ] ],
    [ "joystick1:GND", "uno:GND.1", "black", [ "v15.26", "h-18.67" ] ],
    [ "joystick1:VERT", "uno:A1", "green", [ "v232.6", "h116.8" ] ],
    [ "joystick1:HORZ", "uno:A0", "green", [ "v0" ] ],
    [ "led4:A", "bb1:11b.i", "", [ "$bb" ] ],
    [ "led4:C", "bb1:10b.i", "", [ "$bb" ] ],
    [ "led2:A", "bb1:5b.i", "", [ "$bb" ] ],
    [ "led2:C", "bb1:4b.i", "", [ "$bb" ] ],
    [ "led1:A", "bb1:7t.b", "", [ "$bb" ] ],
    [ "led1:C", "bb1:6t.b", "", [ "$bb" ] ],
    [ "led3:A", "bb1:12t.b", "", [ "$bb" ] ],
    [ "led3:C", "bb1:11t.b", "", [ "$bb" ] ],
    [ "r1:1", "bb1:7t.c", "", [ "$bb" ] ],
    [ "r1:2", "bb1:7b.g", "", [ "$bb" ] ],
    [ "r2:1", "bb1:12t.c", "", [ "$bb" ] ],
    [ "r2:2", "bb1:12b.g", "", [ "$bb" ] ],
    [ "r3:1", "bb1:11b.j", "", [ "$bb" ] ],
    [ "r4:1", "bb1:5b.j", "", [ "$bb" ] ],
    [ "r4:2", "uno:3", "green", [ "h0" ] ],
    [ "r3:2", "uno:4", "green", [ "h0" ] ],
    [ "r1:2", "uno:5", "green", [ "h0" ] ],
    [ "r2:2", "uno:6", "green", [ "h-162.13", "v6.87" ] ],
    [ "led1:C", "bb1:1t.b", "green", [ "v0" ] ],
    [ "bb1:11t.c", "bb1:1t.c", "green", [ "v0" ] ],
    [ "bb1:4b.j", "bb1:1t.d", "green", [ "v0" ] ],
    [ "bb1:10b.j", "bb1:1t.a", "green", [ "v0" ] ],
    [ "bb1:1t.e", "uno:GND.1", "green", [ "v48.47", "h-149.87" ] ]
  ],
  "dependencies": {}
}