{
  "version": 1,
  "author": "Resul Rehimli",
  "editor": "wokwi",
  "parts": [
    { "type": "wokwi-arduino-uno", "id": "uno", "top": 54.67, "left": -43.33, "attrs": {} },
    { "type": "wokwi-rgb-led", "id": "rgb1", "top": -77.73, "left": 39.63, "attrs": {} },
    {
      "type": "wokwi-resistor",
      "id": "r1",
      "top": 1.55,
      "left": 16.54,
      "rotate": 90,
      "attrs": { "value": "1000" }
    },
    {
      "type": "wokwi-resistor",
      "id": "r2",
      "top": 5.15,
      "left": 30.81,
      "rotate": 90,
      "attrs": { "value": "1000" }
    },
    {
      "type": "wokwi-resistor",
      "id": "r3",
      "top": 4.48,
      "left": 50.14,
      "rotate": 90,
      "attrs": { "value": "1000" }
    }
  ],
  "connections": [
    [ "rgb1:R", "r1:1", "green", [ "v0" ] ],
    [ "rgb1:G", "r2:1", "green", [ "v0" ] ],
    [ "rgb1:B", "r3:1", "green", [ "v0" ] ],
    [ "rgb1:COM", "uno:5V", "green", [ "v280.46", "h57.7" ] ],
    [ "uno:0", "r3:2", "green", [ "v0" ] ],
    [ "r2:2", "uno:1", "green", [ "h0" ] ],
    [ "uno:2", "r1:2", "green", [ "v-18.94", "h-153.17" ] ]
  ],
  "dependencies": {}
}