{
  "version": 1,
  "author": "Resul Rehimli",
  "editor": "wokwi",
  "parts": [
    { "type": "wokwi-breadboard-mini", "id": "bb1", "top": 123.4, "left": 151.2, "attrs": {} },
    { "type": "wokwi-arduino-uno", "id": "uno", "top": 61.33, "left": -137.34, "attrs": {} },
    { "type": "wokwi-potentiometer", "id": "pot1", "top": 75.5, "left": 230.2, "attrs": {} },
    {
      "type": "wokwi-led",
      "id": "led1",
      "top": 102,
      "left": 167.4,
      "attrs": { "color": "red", "flip": "1" }
    },
    {
      "type": "wokwi-resistor",
      "id": "r1",
      "top": 187.2,
      "left": 153.05,
      "rotate": 90,
      "attrs": { "value": "1000" }
    }
  ],
  "connections": [
    [ "pot1:GND", "uno:GND.3", "black", [ "v123.07", "h-213.87" ] ],
    [ "pot1:SIG", "uno:A1", "green", [ "v117.07", "h-191.87" ] ],
    [ "pot1:VCC", "uno:5V", "red", [ "v124.4", "h-254.53" ] ],
    [ "pot1:GND", "bb1:11t.b", "", [ "$bb" ] ],
    [ "pot1:SIG", "bb1:12t.b", "", [ "$bb" ] ],
    [ "pot1:VCC", "bb1:13t.b", "", [ "$bb" ] ],
    [ "r1:1", "bb1:3t.d", "", [ "$bb" ] ],
    [ "r1:2", "bb1:3b.h", "", [ "$bb" ] ],
    [ "bb1:3b.i", "uno:11", "green", [ "v-182", "h-171.73" ] ],
    [ "led1:A", "bb1:3t.b", "", [ "$bb" ] ],
    [ "led1:C", "bb1:4t.b", "", [ "$bb" ] ],
    [ "bb1:4t.d", "uno:GND.2", "green", [ "v111.2", "h-162" ] ]
  ],
  "dependencies": {}
}