{
  "version": 1,
  "author": "Resul Rehimli",
  "editor": "wokwi",
  "parts": [
    { "type": "wokwi-arduino-uno", "id": "uno", "top": 78, "left": 40, "attrs": {} },
    { "type": "wokwi-dht22", "id": "dht1", "top": 124.43, "left": -51.8, "attrs": {} }
  ],
  "connections": [
    [ "dht1:VCC", "uno:5V", "red", [ "v77.4", "h240.8" ] ],
    [ "dht1:GND", "uno:GND.1", "black", [ "v5.4", "h53.33", "v-177.33", "h112" ] ],
    [ "dht1:SDA", "uno:2", "green", [ "v22.74", "h47.3", "v-210.67", "h253.33" ] ]
  ],
  "dependencies": {}
}