{
  "version": 1,
  "author": "Resul Rehimli",
  "editor": "wokwi",
  "parts": [
    {
      "type": "wokwi-arduino-uno",
      "id": "uno",
      "top": 21.33,
      "left": -131.33,
      "rotate": 90,
      "attrs": {}
    },
    { "type": "wokwi-7segment", "id": "sevseg1", "top": 76.18, "left": 166.95, "attrs": {} }
  ],
  "connections": [
    [ "sevseg1:A", "uno:13", "green", [ "v-9.56", "h-84.27", "v42" ] ],
    [ "sevseg1:B", "uno:12", "green", [ "v-17.56", "h-90.54", "v56" ] ],
    [ "sevseg1:C", "uno:11", "green", [ "v21.73", "h-56.94", "v-46" ] ],
    [ "sevseg1:D", "uno:10", "green", [ "v0" ] ],
    [ "sevseg1:E", "uno:9", "green", [ "v0" ] ],
    [ "sevseg1:F", "uno:8", "green", [ "v0" ] ],
    [ "sevseg1:G", "uno:7", "green", [ "v0" ] ],
    [ "sevseg1:COM.2", "uno:5V", "red", [ "v-34.89", "h-264", "v103.26" ] ]
  ],
  "dependencies": {}
}