{
  "version": 1,
  "author": "Resul Rehimli",
  "editor": "wokwi",
  "parts": [
    { "type": "wokwi-arduino-uno", "id": "uno", "top": 0, "left": 0, "attrs": {} },
    { "type": "wokwi-relay-module", "id": "relay1", "top": -89.93, "left": 73.73, "attrs": {} },
    {
      "type": "wokwi-resistor",
      "id": "r1",
      "top": -29.52,
      "left": 247.73,
      "rotate": 90,
      "attrs": { "value": "1000" }
    },
    {
      "type": "wokwi-led",
      "id": "led1",
      "top": -107.47,
      "left": 247.93,
      "attrs": { "color": "red" }
    }
  ],
  "connections": [
    [ "r1:1", "led1:A", "green", [ "h0" ] ],
    [ "r1:2", "uno:5V", "green", [ "h21.59", "v198.12", "h-142.67" ] ],
    [ "led1:C", "relay1:NO", "green", [ "v0" ] ],
    [ "relay1:IN", "uno:3", "green", [ "h-17.06", "v36.93", "h117.33", "v0.67", "h53.33" ] ],
    [ "relay1:GND", "uno:GND.1", "black", [ "h9.6", "v37", "h44" ] ],
    [ "relay1:VCC", "uno:5V", "red", [ "h-75.06", "v245.66", "h164" ] ],
    [ "relay1:COM", "uno:GND.1", "green", [ "h-62.4", "v57.33", "h-8.67" ] ]
  ],
  "dependencies": {}
}