{
  "version": 1,
  "author": "Resul Rehimli",
  "editor": "wokwi",
  "parts": [
    { "type": "wokwi-arduino-uno", "id": "uno", "top": -4.67, "left": -32.67, "attrs": {} },
    {
      "type": "wokwi-ntc-temperature-sensor",
      "id": "ntc1",
      "top": -92.87,
      "left": 9.8,
      "attrs": {}
    },
    {
      "type": "wokwi-led",
      "id": "led1",
      "top": -121.46,
      "left": 241.93,
      "attrs": { "color": "red" }
    },
    {
      "type": "wokwi-resistor",
      "id": "r1",
      "top": -20.85,
      "left": 237.06,
      "rotate": 90,
      "attrs": { "value": "1000" }
    }
  ],
  "connections": [
    [ "ntc1:VCC", "uno:5V", "red", [ "h0" ] ],
    [ "ntc1:GND", "uno:GND.1", "black", [ "h0" ] ],
    [ "ntc1:OUT", "uno:A0", "green", [ "h0" ] ],
    [ "led1:A", "r1:1", "green", [ "v0" ] ],
    [ "r1:2", "uno:3", "green", [ "h-26.41", "v-33.22", "h-45.33" ] ],
    [ "led1:C", "uno:GND.2", "green", [ "v262.86", "h-122.93" ] ]
  ],
  "dependencies": {}
}